text,label,notes
"Ferrari’s hard-tire stint during laps 24-40 showed a distinct 0.4s drop-off per lap compared to McLaren, proving their updated suspension geometry is still chewing through the rear tires in high-speed corners.",technical_analysis,Standard analytical baseline example
"Hamilton is completely washed and Ferrari is going to experience immediate buyer's remorse by race three next season.",hot_take,Standard speculative opinion
"OH MY GOD WHAT A MOVE BY NORRIS OUTSIDE OF TURN 4!!! GET IN THERE!!!",emotional_reaction,Standard emotional exclamation
"If you look at the speed trap data from Sector 2, Red Bull ran a significantly higher downforce wing configuration, sacrificing 5 km/h on the main straight to protect their traction profile.",technical_analysis,Standard telemetry analysis
"The FIA intentionally delayed the safety car deployment during that crash just to manipulate the podium positions and engineer artificial drama for TV ratings.",hot_take,Conspiracy theory speculation
"Unbelievable. Another absolute disaster-class strategy from the pit wall. I can't take this pain anymore, my Sunday is completely ruined.",emotional_reaction,Standard emotional venting
"Telemetery shows that Piastri was picking up the throttle 10% earlier than Norris at the apex of Turn 9, which explains how he pulled out DRS breaking gaps over the final 5 laps.",technical_analysis,Quantitative telemetry data
"Alonso will retire by the summer break. Aston Martin has lost the development race completely and he does not have the patience to drive for a P9 team.",hot_take,Unverified career speculation
"YESSSSSS!! First podium for Leclerc in months! Let's goooo boys!",emotional_reaction,Pure celebration
"Looking at the tire degradation matrix from FP2 long runs, Mercedes was losing 0.15s per lap on the medium compound, whereas McLaren remained entirely flat for 12 consecutive laps.",technical_analysis,Tire wear telemetry
"Colapinto is vastly superior to half the grid right now and should be signed by Audi immediately over any incumbent options.",hot_take,Driver valuation hot take
"I am literally crying right now. Seeing him back on top of the podium after everything he went through is incredible.",emotional_reaction,High-emotion expression
"Mercedes brought a massive sidepod upgrade package to Monaco of all places, and Hamilton still qualified P6. Total absolute waste of factory resources. This concept is completely broken and Elliot should be fired twice.",emotional_reaction,Edge case 1: Fact-backed vent
"People keep posting telemetry graphs showing Perez was braking 15 meters earlier than Max into Turn 1. Let's be real: he isn't struggling with compliance or brake-by-wire settings, he's simply mentally broken by his teammate.",hot_take,Edge case 2: Data-mocking speculation
"Wow, fantastic strategy choice guys. Pitting under the safety car when we have a 12-second tire delta over the trailing cars was a brilliant way to hand our podium position straight to McLaren.",emotional_reaction,Edge case 3: Sarcastic engineering metric
"The data indicates that Haas optimized their ERS deployment maps exclusively for the main straightaways, resulting in a 4 km/h advantage at the cost of battery depletion in Sector 2.",technical_analysis,Energy recovery mapping analysis
"Bearman will outscore Ocon next season without a doubt. Haas has a fundamentally better culture for young talent.",hot_take,Driver projection prediction
"Are you kidding me? Another engine failure? This team is an absolute joke, throw the whole car in the trash.",emotional_reaction,Anger reaction
"Comparing the telemetry of Leclerc and Sainz through the swimming pool section reveals Leclerc is carrying 4 km/h more entry speed by sacrificing his mid-corner downshift cadence.",technical_analysis,Telemetry driver comparison
"Newey leaving Red Bull means they won't win a single race in the 2026 technical regulation era. His genius cannot be replicated.",hot_take,Extreme forward speculation
"My hands are shaking. What an absolutely legendary qualifying session. F1 is so back.",emotional_reaction,Hype reaction
"Williams utilized an asymmetric brake duct layout during FP1 to intentionally alter thermal dissipation across the front axle, aiming to combat the low track temperatures.",technical_analysis,Engineering design analysis
"Antonelli is going to crash out of half his races next year. Putting an 18 year old straight into a front-running Mercedes is an act of pure desperation.",hot_take,Speculative critique
"Get him off my screen. I cannot stand listening to these constant, pathetic excuses every single post-race interview.",emotional_reaction,Frustration outburst
"The race strategy data suggests Alpine stayed out too long on the intermediate tires, losing 3.2 seconds per lap relative to the crossover threshold set by Kick Sauber.",technical_analysis,Strategy crossover analysis
"Stroll would not even make the grid in Formula 2 if his dad didn't own a team. He is actively stealing a seat from actual talents.",hot_take,Personnel speculation
"No words. Just pain. Absolute pain.",emotional_reaction,Visceral disappointment
"By shifting their weight distribution 0.5% rearward, Aston Martin managed to cure their mid-corner understeer but at the expense of longitudinal traction on corner exit.",technical_analysis,Chassis balance analysis
"If Verstappen leaves for Mercedes, Red Bull will completely collapse into a lower midfield team within twelve months.",hot_take,Extreme speculative scenario
"LETS GOOOOOO!!!! INDEED WE FREAKING SEND IT!!!",emotional_reaction,Short cheer
"The telemetry profiles demonstrate that Tsunoda is using a much smoother steering input profile than Lawson, reducing front tire surface overheating by 5 degrees Celsius.",technical_analysis,Driver inputs analysis
"The budget cap penalties should have been a point deduction. The current system is completely rigged to protect the big three teams.",hot_take,Regulatory opinion
"This sport is so incredibly boring now. Wake me up when someone other than Red Bull wins a grand prix.",emotional_reaction,Boredom vent
"McLaren’s decision to execute a undercut on lap 18 was validated by clean air sector times, gaining them a net 2.4 seconds relative to Verstappen’s out-lap.",technical_analysis,Undercut strategy analysis
"Bortoleto is guaranteed to be a future world champion. The way he carves through traffic shows he has that distinct Ayrton Senna gene.",hot_take,Hyperbolic scouting opinion
"Oh my god, my heart stopped when they touched wheels. Thank goodness they both survived that clean.",emotional_reaction,Relief reaction
"Analysis of the GPS traces highlights that Alpine is losing ground exclusively in sustained traction zones, suggesting their engine maps lack low-end torque delivery.",technical_analysis,GPS trace analysis
"Gasly is completely outperforming his machinery. If he was in a Ferrari right now, he would be leading the world championship.",hot_take,Unverifiable performance claim
"Shut up pit wall! Leave me alone, I know what I am doing!",emotional_reaction,Quoting radio outburst
"During the safety car window, Mercedes failed to account for pit lane delta deceleration times, causing Russell to drop behind both Ferraris upon release.",technical_analysis,Pit lane delta analysis
"The Stewards are completely corrupt and inconsistent. They always favor British drivers no matter what the actual rulebook says.",hot_take,Referee conspiracy
"What a complete and utter joke of a penalty. Ruined a perfectly good race.",emotional_reaction,Penalty anger
"RB20 floor updates introduced at Budapest actually reduced stable underbody downforce by 12 points in transient states, causing the sudden rear-end instability reported by drivers.",technical_analysis,Aerodynamic telemetry analysis
"Had Bottas stayed at Mercedes, they would have won the 2022 constructors championship without any issues. Russell ruined that team dynamics.",hot_take,Counterfactual speculation
"Holy moly, I did not expect that strategy to work out! Bravo!",emotional_reaction,Joy reaction
"Evaluating the lap-by-lap charts reveals that Tsunoda sustained a consistent 1:18.4 pace on 25-lap old mediums, matching the frontrunners who were on fresh hards.",technical_analysis,Lap-time chart analysis
"Sainz will deeply regret moving to Williams. That team is a structural black hole where driving careers go to die.",hot_take,Career doom speculation
"Get in there Lewis!!! Absolute masterclass drive today!",emotional_reaction,Standard celebration
"Telemetry confirms that McLaren utilized an aggressive engine mode (Strat 4) during laps 2-5 to break the DRS train before reverting to energy conservation modes.",technical_analysis,Engine mode mapping
"The current sprint race format is a crime against humanity. It completely ruins the prestige of Sunday's main grand prix.",hot_take,Strong formatting opinion
"F1 steward decisions are an absolute lottery. I have zero faith left in this governing body.",emotional_reaction,Disappointment vent
" Sauber's high-speed stability issues stem directly from their rear wing mainplane stalling prematurely when the drag reduction system is deactivated.",technical_analysis,Aerodynamics stall analysis
"Doohan will be out of Formula 1 within one season. He simply does not have the raw pace to compete at this level.",hot_take,Rookie speculation
"My jaw is on the floor. I cannot believe he managed to catch that slide at 200 mph.",emotional_reaction,Awe reaction
"A detailed review of the throttle application trace demonstrates that Albon was experiencing significant wheelspin out of Turn 3, spiking rear tire bulkhead temperatures.",technical_analysis,Throttle application trace
"The 2026 engine regulations are going to completely destroy the sport. Nobody wants to watch cars charging batteries on straightaways.",hot_take,Future regulations take
"I am turning off the TV. This strategy team makes me physically ill week after week.",emotional_reaction,Disgust reaction
"Comparing Haas's qualifying setup to their race trim shows they stiffened the front anti-roll bars by two clicks, optimizing single-lap turn-in sharpness.",technical_analysis,Mechanical setup change
"Norris doesn't have the mental resilience required to defeat Verstappen over a full 24-race season. He folds under intense media pressure.",hot_take,Psychological driver take
"YES! Serves him completely right after that dirty move in sector one!",emotional_reaction,Vindictive celebration
"Accounting for wind tunnel scaling factors, McLaren’s front wing flexing characteristics are completely within lawful deflections despite rivals demanding structural tests.",technical_analysis,Technical legality check
"If Michael Schumacher was in his prime today, he would win every single race in this current Red Bull car by a margin of thirty seconds.",hot_take,Historical comparison take
"Absolute administrative disaster. This delay is a total joke, just let them race in the wet!",emotional_reaction,Weather delay vent
"The sector 3 micro-sectors reveal that Ferrari is gaining time exclusively in low-speed traction phases, suggesting an exceptionally compliant rear mechanical suspension setup.",technical_analysis,Micro-sector tracking
"Antonelli is heavily overrated. Scoring a few wins in junior categories doesn't mean you are the next Max Verstappen.",hot_take,Prospect skepticism
"COME ON!!! What a spectacular overtakelllll!",emotional_reaction,Excited text burst
"By tracking the braking points from the onboard feed, Russell was consistently initiating deceleration 8 meters later than Hamilton, accepting a looser corner entry behavior.",technical_analysis,Braking point analysis
"Red Bull's internal political struggles are the sole reason their car development hit a brick wall mid-season. The engineers are divided.",hot_take,Political speculation
"This is exhausting. Being a fan of this team feels like a full-time psychological torture experiment.",emotional_reaction,Fan burnout
"The strategy simulation software likely failed to project the pit stop traffic window, releasing Hulkenberg directly into a dense DRS train of four lower midfield cars.",technical_analysis,Strategy simulation audit
"Lawson is an incredibly dangerous driver who shouldn't have a superlicense after those reckless blocks on the straightaway.",hot_take,Driver aggression opinion
"Incredible! Absolutely brilliant stuff from everyone involved!",emotional_reaction,General joy
"Telemetry indicates that Aston Martin's floor edge vortex generation detaches completely above 260 km/h, leading to sudden mid-corner aerodynamic balance shifts.",technical_analysis,Vortex detachment analysis
"Ocon is an toxic team player who will inevitably ruin the atmosphere at Haas within his first three races.",hot_take,Personality speculation
"Fuck sake, another weekend completely ruined before we even reach Sunday's race.",emotional_reaction,Profane disappointment
"By analyzing tire inflation pressures, it becomes clear that Williams ran right at the minimum pressure limit specified by Pirelli to maximizing compliance over curbs.",technical_analysis,Tire pressure optimization
"Had Williams kept Logan Sargeant, they would have scored exactly the same number of points this season. Albon does all the actual heavy lifting.",hot_take,Driver dismissal take
"Wow. Just wow. I am completely speechless at how beautiful that pass was.",emotional_reaction,Awe response
"The throttle trace during the formation lap indicates that Leclerc was purposely riding the brakes to transfer thermal energy through the drums into the front tires.",technical_analysis,Thermal energy transfer
"The budget cap should be doubled. It is completely unfair that top engineering facilities are forced to lay off brilliant designers.",hot_take,Financial regulation opinion
"Get this absolute clown out of our car immediately. Absolute embarrassment.",emotional_reaction,Aggressive driver vent
"The timing loop charts show that Alpine's pace dropped by an average of 0.62 seconds per lap immediately after they exited the slipstream box of the car ahead.",technical_analysis,Slipstream delta tracking
"Newey is going to make Aston Martin an immediate championship contender next season, completely eclipsing Ferrari and Red Bull.",hot_take,Design genius speculation
"YES BOYS! WE DID IT! What an incredible strategy redemption arc!",emotional_reaction,Redemption celebration
"Data from the acoustic engine tracking reveals that Honda is running an altered ignition timing map that produces unique exhaust gas velocities to feed the diffuser.",technical_analysis,Acoustic engine tracking
"Piastri is already a faster pure racer than Lando Norris. McLaren is favoring the wrong driver due to simple seniority contracts.",hot_take,Team favoritism take
"I can't watch this. My anxiety is completely through the roof right now.",emotional_reaction,Anxiety reaction
"By comparing sector times before and after the front wing adjustment, Mercedes recovered 3 points of front downforce, stabilizing their mid-corner rotation matrix.",technical_analysis,Aerodynamic adjustments
"F1 media is an absolute joke. They make up fake rumors about driver transfers just to generate ad revenue from desperate fans.",hot_take,Media critique opinion
"What a spectacular disaster! I love the absolute chaos of wet races!",emotional_reaction,Chaos enjoyment
"The telemetry overlays prove that Verstappen avoids downshifting to first gear at Turn 10, instead using higher engine braking torque to stabilize the rear differential.",technical_analysis,Differential stability mapping
"Ricciardo should have stayed at Red Bull in 2018. Leaving was the single worst career decision in modern motorsport history.",hot_take,Historical career take
"My whole weekend is completely ruined. Absolute trash performance.",emotional_reaction,Venting reaction
"The load cells on the rear wing assembly indicated an abnormal 5% structural deflection at maximum velocity, suggesting a potential structural fatigue issue.",technical_analysis,Structural load cell audit
"Gasly and Ocon genuinely hate each other's guts, and Alpine is going to suffer an on-track collision every single weekend because of it.",hot_take,Driver relationship take
"OH MY GOD HE HIT THE WALL! HE HIT THE WALL OUT OF THE LAST CORNER!",emotional_reaction,Live crash reaction
"Evaluating the GPS speed deltas highlights that Kick Sauber has the worst aerodynamic efficiency on the grid, losing time evenly across every single straightaway.",technical_analysis,Aerodynamic efficiency index
"Had Ferrari signed Adrian Newey instead of Lewis Hamilton, they would have guaranteed themselves a consecutive decade of world championship wins.",hot_take,Bold counterfactual speculation
"GET IN THERE!!! ABSOLUTELY BRILLIANT DEFENSE!!",emotional_reaction,Defense cheer
"The brake pressure graphs verify that Norris experienced a brief transient pressure drop during lap 42, pointing to minor thermal boiling in the fluid lines.",technical_analysis,Brake fluid thermal trace
"The current generation of ground effect cars are way too heavy. They look like absolute boats when navigating slow-speed chicanes.",hot_take,Car weight opinion
"This team makes me want to rip my hair out. Unbelievable incompetence.",emotional_reaction,Deep frustration
"Comparing the out-lap times shows that Leclerc generated operational tire surface temperature 3 turns faster than Sainz, mitigating early front-axle lockups.",technical_analysis,Tire thermal generation
"Magnussen deserves a lifetime ban from racing. His driving style is completely reckless and threatens the physical safety of other drivers.",hot_take,Punitive hot take
"YESSS!!! Brilliant overtake!!! Beautifully judged up the inside!",emotional_reaction,Overtake celebration
"The telemetry charts indicate that Russell’s power unit experienced a sudden drop in MGU-K recovery efficiency, losing 20kW of electrical deployment per lap.",technical_analysis,Electrical deployment audit
"Zhou Guanyu is only on the grid because of commercial funding. He lacks the fundamental raw speed required for top-tier open-wheel racing.",hot_take,Financial backing opinion
"This is an absolute embarrassment. How can a professional team cross-thread a wheel nut during a crucial pit stop?",emotional_reaction,Pit error frustration
"Analyzing the drag coefficients shows that Aston Martin’s upgrade package increased overall drag by 2%, canceling out any downforce gains achieved in corners.",technical_analysis,Drag coefficient tracking
"Alonso is the greatest driver to ever step foot inside a racing cockpit. Statistics don't reflect his true technical genius.",hot_take,Unverifiable greatest take
"NOOOOOO!!! WHY PEREZ WHY!!!",emotional_reaction,Anguished shout
"The logging parameters demonstrate that the power unit suffered a catastrophic mechanical valve failure caused by severe acoustic resonance harmonics at 12,000 RPM.",technical_analysis,Engine failure diagnostics
"Bearman is massively overhyped based on a single race in a front-running Ferrari. He will get thoroughly exposed over a full season at Haas.",hot_take,Hype skepticism
"Incredible drive! Simply flawless performance from lights out to the checkered flag.",emotional_reaction,Praise reaction
"The telemetry from Sector 1 proves Hamilton was executing earlier apex steering rotation, allowing him to flatten his exit path and pick up throttle sooner.",technical_analysis,Apex steering rotation
"F1 racing is turning into a corporate reality television show rather than a pure sporting contest. It's truly tragic.",hot_take,Corporate critique take
"Absolute circus. The stewards should be completely ashamed of this ridiculous red flag decision.",emotional_reaction,Steward anger
"The timing sheets reveal that Hulkenberg maintained a tighter 0.12s variance across his 15-lap simulation run compared to Magnussen's highly erratic pace.",technical_analysis,Pace variance metric
"Perez will be replaced before the next race weekend. Red Bull cannot afford to keep flushing the constructors' championship down the drain.",hot_take,Driver firing prediction
"YESSSSSS ENJOY THE WIN FOR ONCE!! WOOOHOOO!!",emotional_reaction,Exuberant cheer
"Analyzing the shock absorber displacement logs indicates that Mercedes ran their ride height 3mm too low, causing severe underbody plank grounding on curbs.",technical_analysis,Ride height telemetry
"Had McLaren swapped their drivers earlier in the season, Norris would be leading the driver standings easily right now. Pit wall cowardice.",hot_take,Driver order speculation
"I'm done. Turning this off. Can't handle this heartbreak anymore.",emotional_reaction,Despair reaction
"The acoustic analysis of the downshifts demonstrates that Ferrari has optimized their ignition cuts to protect their internal gearbox synchros from wear.",technical_analysis,Gearbox optimization trace
"Vasseur is the best team principal Ferrari has hired since Jean Todt. He has completely eliminated the internal blame culture.",hot_take,Management valuation take
"OH MY GOD WHAT A RESTART!!! CHAOS EVERYWHERE!!!",emotional_reaction,Restart hype
"The CFD modeling models show that the updated brake winglets generate an additional 8 kilograms of localized downforce at a reference speed of 240 km/h.",technical_analysis,CFD modeling data
"Formula 1 should return to loud V10 engines immediately. These hybrid power units sound like glorified lawnmowers and ruin fan attendance.",hot_take,Engine format take
"This is painful to watch. Absolutely agonizing strategic performance.",emotional_reaction,Agony vent
"The telemetry files verify that Piastri adjusted his brake migration maps forward by two percent mid-race to stabilize his front tire wear profile.",technical_analysis,Brake migration mapping
"If Red Bull drops to third in the standings, Max Verstappen will invoke his exit clause and sign with Aston Martin immediately.",hot_take,Exit clause speculation
"GET THE HELL IN THERE!!!! MASSIVE WIN!!!",emotional_reaction,Victory scream
"The wind tunnel correlation study demonstrates that Haas’s sidepod undercut functions perfectly in straight lines but detaches significantly in yaw states.",technical_analysis,Wind tunnel yaw validation
"Hulkenberg is a top-five driver on this grid if you isolate pure qualifying pace. His machinery has held his career back permanently.",hot_take,Qualifying pace opinion
"Another weekend, another disaster. I don't even know why I hope for anything better anymore.",emotional_reaction,Resigned sorrow
"By comparing throttle opening percentages, Sainz was showing minor hesitation on corner exit, waiting 0.2 seconds longer than Leclerc to achieve full throttle.",technical_analysis,Throttle entry delta
"The FIA rules are explicitly written to make sure that small privateer teams can never challenge the major manufacturing brands.",hot_take,Systemic bias opinion
"HOLY CRAP WHAT AN OVERTAKE! ABSOLUTE MADMAN!",emotional_reaction,Overtake shock
"The thermal imaging data verifies that Red Bull's left-rear tire core temp exceeded the 115-degree safety margin, explaining the structural delamination.",technical_analysis,Thermal imaging telemetry
"Colapinto has already done enough to prove he deserves a permanent seat over seasoned drivers like Bottas or Magnussen.",hot_take,Scouting evaluation take
"Unbelievable incompetence from the pit crew. A 5-second pit stop is completely unacceptable at this level.",emotional_reaction,Pit stop frustration
"The data tracking traces prove that Hamilton used an alternative eighth-gear deployment strategy on the straightaway to minimize battery thermal clipping.",technical_analysis,Battery deployment matrix
"Lawson will easily outperform Tsunoda once he gets a full winter testing program under his belt. Mark my words.",hot_take,Teammate battle prediction
"YES! Beautiful! What a beautifully executed undercut strategy!",emotional_reaction,Strategy joy
"The micro-sector timing grids reveal that Alpine's update package brought zero performance improvements to straight-line drag optimization metrics.",technical_analysis,Update package evaluation
"Aston Martin is wasting millions on fancy new factory infrastructure when their core issue is a complete lack of basic aerodynamic vision.",hot_take,Infrastructure critique
"I am going to throw up. That crash looked absolutely terrifying on the live feed.",emotional_reaction,Fear reaction
"Evaluating the suspension travel files shows that McLaren optimized their dampening rates to absorb high-frequency curb strikes through the final chicane.",technical_analysis,Suspension dampening metrics
"Perez is single-handedly destroying the morale of the entire Red Bull racing factory with these constant, expensive chassis crashes.",hot_take,Morale speculation
"WHAT IS HE DOING?! That was the dumbest defensive move I have ever witnessed!",emotional_reaction,Defensive anger
"The GPS telemetry overlay demonstrates that Hamilton carried 3 km/h more minimum corner speed through Turn 13 by utilizing a wider diamond line.",technical_analysis,Minimum corner speed tracking
"The engine freeze regulations were a massive mistake that permanently locked in a performance advantage for the top power units.",hot_take,Engine freeze take
"Absolute masterclass drive! I'm screaming at my television right now!",emotional_reaction,Ecstatic celebration
"The lap-time evolution metrics show that the track ramped up by 1.4 seconds over the course of Q1, skewing early strategic runs.",technical_analysis,Track evolution metric
"Norris lacks that killer instinct required to become a true multiple-world champion. He is far too soft on his friends during racing.",hot_take,Killer instinct take
"Are you kidding me?! Pitted him into traffic again! Unbelievable strategy team.",emotional_reaction,Pit strategy anger
"The logging parameters show that Leclerc’s engine mapping suffered a transient sensor glitch, dropping deployment voltage for 400 milliseconds during Q3.",technical_analysis,Sensor malfunction analysis
"Alonso will outdrive that miserable Aston Martin car until he is fifty years old. The man is a freak of nature.",hot_take,Age speculation take
"YESSS! WE ARE FINALLY ON THE PODIUM AGAIN! FORZA FERRARI!",emotional_reaction,Team celebration
"Telemetry profiles confirm that Russell experienced a 4% increase in high-speed porpoising oscillations when running closer than 0.8 seconds behind another car.",technical_analysis,Porpoising telemetry
"The track designers should be completely fired for creating such a dangerous pit lane entry configuration. It's an accident waiting to happen.",hot_take,Track architecture critique
"My heart can't take these final laps. Please just bring the car home in one piece.",emotional_reaction,Anxious prayer
"Analyzing the mechanical balance sheets highlights that Sauber's center of gravity shifts too far forward under heavy braking, locking up rears.",technical_analysis,Center of gravity mapping
"Ocon is entirely to blame for that collision. He has a fundamental tracking record of hitting his teammates across every category.",hot_take,Crash blame prediction
"WHAT AN ABSOLUTE LEGEND! Unbelievable move around the outside!",emotional_reaction,Overtake hype
"The telemetry diagrams show that Verstappen initiated DRS deployment exactly 3 milliseconds after crossing the activation loop, maximizing straightaway velocity.",technical_analysis,DRS deployment latency
"The current championship point system is outdated and should reward points all the way down to twentieth position to help small teams.",hot_take,Points system take
"F1 has become an unwatchable commercialized nightmare. I miss the simple classic days of racing.",emotional_reaction,Nostalgic disappointment
"The structural analysis of the brake ducts confirms that Haas optimized internal cooling air mass flows, reducing systemic brake wear by 15 percent.",technical_analysis,Brake duct fluid modeling
"Antonelli will replace Hamilton seamlessly. His pure telemetry traces from private tests are already matching front-running paces.",hot_take,Private test speculation
"NO! Not another retirement! I can't take this miserable season anymore.",emotional_reaction,Season despair
"The GPS trace comparison indicates that Piastri stabilized his corner exit speeds 0.15 seconds faster than Norris during low traction phases.",technical_analysis,GPS tracking speed deltas
"Red Bull's dominance is entirely artificial and based on regulatory loopholes that the FIA refuses to close out of sheer laziness.",hot_take,Regulatory loophole take
"GET IN THERE LEWIS!!! NUMBER EIGHT IN OUR HEARTS!!!",emotional_reaction,Fan loyalty cheer
"The tire pressure evolution logs show that Ferrari managed to stay within the optimal 1.2 bar window for 8 laps longer than Mercedes.",technical_analysis,Tire pressure logs
"Stroll should give up his seat to a deserving junior driver who actually cares about motorsport excellence instead of country clubs.",hot_take,Privilege hot take
"I am completely broken. Leading the entire race just to crash on the final lap is devastating.",emotional_reaction,Tragic heartbreak
"Analyzing the exhaust gas temperatures indicates that Renault's power unit was experiencing combustion anomalies, pulling back timing by 3 degrees.",technical_analysis,Exhaust gas telemetry
"McLaren will win both championships next year without any opposition. Their aero development curve is completely unstoppable.",hot_take,Future dominance take
"YESSS!!! What a massive result for the midfield! Fantastic work!",emotional_reaction,Midfield celebration
"Telemetry overlay confirms that Tsunoda was carrying a tighter steering radius through the chicane, saving 0.05 seconds in structural transitions.",technical_analysis,Steering radius tracking
"The technical regulations are way too restrictive nowadays. Let the designers build active aerodynamics and crazy fan cars again.",hot_take,Regulatory freedom take
"This strategy team is an absolute clown show. Fire everyone on that pit wall immediately.",emotional_reaction,Aggressive strategy vent
"Review of the damper data displays that Williams experienced structural bottoming over the exit curbs of turn 12, destabilizing the diffuser matrix.",technical_analysis,Damper logs analysis
"If Hamilton struggles at Ferrari next year, it will permanently tarnish his status as a statistical goat of open-wheel racing.",hot_take,Legacy hot take
"OH MY GOD LETS GOOOOO! POLE POSITION IN THE LAST SECOND!",emotional_reaction,Qualifying hype
"Analyzing the transient engine maps demonstrates that Red Bull managed to eliminate turbo lag by keeping the MGU-H spun up under braking matrices.",technical_analysis,Turbo lag mitigation data
"Sauber turning into Audi will be a total failure. Automotive manufacturers always micro-manage racing teams into complete engineering compliance.",hot_take,Corporate entry take
"What a boring procession. This track shouldn't be allowed anywhere near the grand prix calendar.",emotional_reaction,Boredom tracking
"Evaluating the lap time files reveals that Hulkenberg maintained an exact 1:21.3 pace across 12 laps, highlighting exceptional tire degradation management.",technical_analysis,Degradation tracking pace
"Bortoleto is a vastly superior prospect to any of the current academy options that Alpine has signed over the past five years.",hot_take,Prospect valuation take
"YES BOYS! Massive points! Get the hell in there!",emotional_reaction,Short points cheer
"The telemetry profiles show that Albon was lifting off the throttle 20 meters before the braking zone to manage critical fuel allocation thresholds.",technical_analysis,Lift and coast telemetry
"The current generation of drivers are way too soft and friendly with each other. They need more true bitter rivalries.",hot_take,Driver culture take
"What a complete disaster-class. This team finds brand new ways to disappoint me every single weekend.",emotional_reaction,Disappointment routine
"The load cells confirmed a 15-kilogram drop in downforce when running in the aerodynamic wake of the leading car at a distance of 0.5 seconds.",technical_analysis,Wake downforce loss data
"Had Adrian Newey stayed at Williams in the nineties, they would have eclipsed Ferrari as the most successful historic constructor team.",hot_take,Retro counterfactual speculation
"YESSS!!! HE DID IT!!! FIRST CAREER WIN!!!",emotional_reaction,First win celebration
"Analyzing the speed-trap deltas verifies that Alpine’s updated low-drag rear wing reduced high-speed drag by a net 3.5 percent.",technical_analysis,Speed trap drag analysis
"Vasseur is merely riding the coattails of Binotto’s structural engine designs. He hasn’t actually reformed Ferrari’s core development issues.",hot_take,Management critique take
"Absolute administrative joke. Waiting an hour just to cancel the session is a total insult to fans.",emotional_reaction,Session cancellation anger
"The timing loop traces highlight that Verstappen gained 0.35 seconds exclusively during the pit-stop execution cycle, validating the mechanical crew's pace.",technical_analysis,Pit execution loops
"Bearman will be a solid midfield driver but he completely lacks the transcendent raw speed required to spearhead a top championship campaign.",hot_take,Prospect ceiling take
"I can't take this anymore. Being a fan of this team is actively detrimental to my mental well-being.",emotional_reaction,Despair reflection
"The telemetry overlays prove that Norris was initiating downshifts 100 milliseconds earlier than Piastri to maximize engine braking stability into Turn 4.",technical_analysis,Downshift timing telemetry
"The FIA will inevitably tweak the technical rules mid-season just to slow down whichever team is winning too easily.",hot_take,FIA intervention speculation
"OH MY GOD WHAT A FINISH! WHEEL TO WHEEL UNTIL THE LINE!",emotional_reaction,Photo finish hype
"Evaluating the suspension telemetry highlights that Haas ran their rear spring rates 5% stiffer to counteract aerodynamic platform pitching under braking.",technical_analysis,Suspension spring rate analysis
"Hamilton only moved to Ferrari for a massive paycheck. He knows they aren't going to build a championship car for 2026.",hot_take,Driver motivation take
"Absolute trash. Another weekend ruined by poor reliability.",emotional_reaction,Reliability frustration